residue,atom,ss_class,count,mean,median,std,min,max
V,N,unknown,6,121.46933333333334,120.2045,2.0591801496928026,119.724,124.365
L,CA,unknown,8,55.90475000000001,55.311,1.3990817301001401,54.718,58.279
L,N,unknown,10,122.7201,122.91,2.9500452013486145,118.176,127.619
D,N,unknown,12,120.074,121.7115,5.039909407254594,109.49,125.174
D,CA,unknown,8,53.27175,52.477000000000004,2.3955640645785286,50.917,57.216
V,CA,unknown,4,61.214,61.214,0.972999999999999,60.241,62.187
R,N,unknown,8,119.59887499999999,118.765,2.6001557855972783,116.955,124.1
T,N,unknown,2,113.933,113.933,0.0,113.933,113.933
C,N,unknown,28,119.85207142857143,118.688,5.523080538771374,112.382,128.036
C,CA,unknown,22,54.69881818181818,54.53,1.3056337937208056,51.59,56.3
G,CA,unknown,12,45.797666666666665,46.1345,0.7161533045064835,44.483,46.47
G,N,unknown,28,108.83428571428571,108.17699999999999,2.7695845079973225,103.849,114.862
P,CA,unknown,6,63.379999999999995,63.51,0.39858081572833515,62.84,63.79
K,CA,unknown,2,56.611,56.611,0.0,56.611,56.611
K,N,unknown,4,119.5885,119.58449999999999,4.903503262974338,114.685,124.5
R,CA,unknown,2,53.774,53.774,0.0,53.774,53.774
F,N,unknown,6,122.08416666666666,123.432,3.546212647161604,117.228,125.732
I,N,unknown,4,119.27600000000001,119.27600000000001,1.5700000000000003,117.706,120.846
E,CA,unknown,8,56.018,55.953,2.0676300442777475,53.17,58.996
E,N,unknown,12,118.47116666666666,118.9675,2.8342481317312775,114.678,123.037
A,N,unknown,16,122.27212499999999,122.4975,4.138190741057615,115.769,130.546
A,CA,unknown,4,52.826,52.826,1.7109999999999985,51.115,54.537
Q,CA,unknown,4,56.6235,56.6235,1.4864999999999995,55.137,58.11
Q,N,unknown,6,119.78883333333333,119.4325,0.8987443864760578,118.916,121.018
N,N,unknown,2,118.062,118.062,0.0,118.062,118.062
Y,N,unknown,2,118.701,118.701,0.0,118.701,118.701
S,CA,unknown,2,58.731,58.731,0.0,58.731,58.731
S,N,unknown,6,118.478,118.919,0.810692296743966,117.341,119.174
I,CA,unknown,2,60.493,60.493,0.0,60.493,60.493
H,N,unknown,2,116.971,116.971,0.0,116.971,116.971
F,CA,unknown,2,56.84,56.84,0.0,56.84,56.84
