model,lopo_raw,lopo_smooth,f1_smooth,n_proteins,n_samples,window,version
RandomForest,0.6179604261796042,0.6199898528665652,0.6087495977404122,22,1971,3,v4
XGBoost,0.5875190258751902,0.5925925925925926,0.5890942912355492,22,1971,3,v4
Ensemble,,0.6098427194317605,0.6040446954008519,22,1971,3,v4
