model,cv_accuracy,cv_std,f1_macro,n_proteins,n_samples,n_features
RandomForest,0.636,0.03891015291668747,0.6150883596813647,13,1000,34
XGBoost,0.647,0.03749666651850538,0.6218394397410468,13,1000,34
