model,lopo_raw,lopo_smooth,lopo_f1,n_proteins,n_samples
RandomForest_v5,0.6157495256166983,0.6195445920303605,0.6127063681913388,30,3162
XGBoost_v5,,0.6065781151170145,0.6003516324411837,30,3162
